"id","x","y","AnnualPrecip","AnPET","AridityIndex"
1,6202077.1431,-479802.740400001,2295.56697269876,2000.07445543251,1.14759816081414
2,6172077.1431,-509802.740400001,2285.36510516903,2002.00250514017,1.14153041885131
3,6172077.1431,-519802.740400001,2372.05629105705,1916.41195423359,1.23775573363986
